-- Seed data for BrokerOS Lite

-- Organization
INSERT INTO organizations (id, name) VALUES
  ('a0000000-0000-0000-0000-000000000001', 'McDonogh Insurance Brokers');

-- Users
INSERT INTO users (id, org_id, full_name, initials, email, role) VALUES
  ('b0000000-0000-0000-0000-000000000001', 'a0000000-0000-0000-0000-000000000001', 'Grant McDonogh', 'GM', 'grant@mcdonogh.co.za', 'Key Individual'),
  ('b0000000-0000-0000-0000-000000000002', 'a0000000-0000-0000-0000-000000000001', 'Sarah Peters', 'SP', 'sarah@mcdonogh.co.za', 'Broker');

-- Insurers
INSERT INTO insurers (id, name, short_code) VALUES
  ('c0000000-0000-0000-0000-000000000001', 'Santam', 'SAN'),
  ('c0000000-0000-0000-0000-000000000002', 'Hollard', 'HOL'),
  ('c0000000-0000-0000-0000-000000000003', 'Bryte', 'BRY'),
  ('c0000000-0000-0000-0000-000000000004', 'Old Mutual Insure', 'OMI');

-- Clients
INSERT INTO clients (id, org_id, name, type, contact_email) VALUES
  ('d0000000-0000-0000-0000-000000000001', 'a0000000-0000-0000-0000-000000000001', 'Van der Merwe Family Trust', 'trust', 'info@vdmtrust.co.za'),
  ('d0000000-0000-0000-0000-000000000002', 'a0000000-0000-0000-0000-000000000001', 'John Smith', 'individual', 'john@smith.co.za'),
  ('d0000000-0000-0000-0000-000000000003', 'a0000000-0000-0000-0000-000000000001', 'Nkosi Transport', 'corporate', 'admin@nkositransport.co.za'),
  ('d0000000-0000-0000-0000-000000000004', 'a0000000-0000-0000-0000-000000000001', 'Botha Family', 'individual', 'botha@email.co.za'),
  ('d0000000-0000-0000-0000-000000000005', 'a0000000-0000-0000-0000-000000000001', 'Patel Body Corporate', 'body_corporate', 'admin@patelbodycorp.co.za'),
  ('d0000000-0000-0000-0000-000000000006', 'a0000000-0000-0000-0000-000000000001', 'Moosa Family', 'individual', 'moosa@email.co.za'),
  ('d0000000-0000-0000-0000-000000000007', 'a0000000-0000-0000-0000-000000000001', 'Dlamini Family', 'individual', 'dlamini@email.co.za'),
  ('d0000000-0000-0000-0000-000000000008', 'a0000000-0000-0000-0000-000000000001', 'Jacobs Family', 'individual', 'jacobs@email.co.za'),
  ('d0000000-0000-0000-0000-000000000009', 'a0000000-0000-0000-0000-000000000001', 'Williams Family', 'individual', 'williams@email.co.za');

-- Policies
INSERT INTO policies (id, org_id, client_id, insurer_id, policy_number, insurance_type, premium, cover_amount, excess, renewal_date, status) VALUES
  ('e0000000-0000-0000-0000-000000000001', 'a0000000-0000-0000-0000-000000000001', 'd0000000-0000-0000-0000-000000000001', 'c0000000-0000-0000-0000-000000000003', 'BRY-COM-4421', 'commercial', 245000, 18500000, 25000, '2026-03-18', 'active'),
  ('e0000000-0000-0000-0000-000000000002', 'a0000000-0000-0000-0000-000000000001', 'd0000000-0000-0000-0000-000000000001', 'c0000000-0000-0000-0000-000000000001', 'SAN-FLT-7782', 'motor', 180000, 4500000, 15000, '2026-06-01', 'active'),
  ('e0000000-0000-0000-0000-000000000003', 'a0000000-0000-0000-0000-000000000001', 'd0000000-0000-0000-0000-000000000001', 'c0000000-0000-0000-0000-000000000002', 'HOL-LIA-3310', 'liability', 45000, 10000000, 50000, '2026-09-15', 'active'),
  ('e0000000-0000-0000-0000-000000000004', 'a0000000-0000-0000-0000-000000000001', 'd0000000-0000-0000-0000-000000000002', 'c0000000-0000-0000-0000-000000000001', 'SAN-MOT-12345', 'motor', 28000, 450000, 5000, '2026-08-01', 'active'),
  ('e0000000-0000-0000-0000-000000000005', 'a0000000-0000-0000-0000-000000000001', 'd0000000-0000-0000-0000-000000000006', 'c0000000-0000-0000-0000-000000000002', 'HOL-HOM-9981', 'homeowners', 18500, 3200000, 10000, '2026-03-25', 'active'),
  ('e0000000-0000-0000-0000-000000000006', 'a0000000-0000-0000-0000-000000000001', 'd0000000-0000-0000-0000-000000000007', 'c0000000-0000-0000-0000-000000000003', 'BRY-MOT-5567', 'motor', 15000, 280000, 3500, '2026-04-10', 'active'),
  ('e0000000-0000-0000-0000-000000000007', 'a0000000-0000-0000-0000-000000000001', 'd0000000-0000-0000-0000-000000000009', 'c0000000-0000-0000-0000-000000000004', 'OMI-HOM-2244', 'homeowners', 12000, 2800000, 8000, '2026-03-14', 'active'),
  ('e0000000-0000-0000-0000-000000000008', 'a0000000-0000-0000-0000-000000000001', 'd0000000-0000-0000-0000-000000000004', 'c0000000-0000-0000-0000-000000000002', 'HOL-HOM-4455', 'homeowners', 14000, 3500000, 10000, '2026-05-20', 'active');

-- Tasks
INSERT INTO tasks (id, org_id, title, status, assigned_to, client_id, policy_id, tag_type, tag_label, due_date, is_ai_active, ai_status, needs_review, review_label, sort_order) VALUES
  -- To Do
  ('f0000000-0000-0000-0000-000000000001', 'a0000000-0000-0000-0000-000000000001', 'Review renewal pack for Van der Merwe Family Trust', 'todo', 'b0000000-0000-0000-0000-000000000002', 'd0000000-0000-0000-0000-000000000001', 'e0000000-0000-0000-0000-000000000001', 'commercial', 'Commercial', '2026-03-18', false, null, false, null, 1),
  ('f0000000-0000-0000-0000-000000000002', 'a0000000-0000-0000-0000-000000000001', 'Follow up on premium arrears — Nkosi Transport', 'todo', 'b0000000-0000-0000-0000-000000000001', 'd0000000-0000-0000-0000-000000000003', null, 'motor', 'Fleet', '2026-03-10', false, null, false, null, 2),
  ('f0000000-0000-0000-0000-000000000003', 'a0000000-0000-0000-0000-000000000001', 'Prepare gap analysis for Botha residence', 'todo', 'b0000000-0000-0000-0000-000000000001', 'd0000000-0000-0000-0000-000000000004', 'e0000000-0000-0000-0000-000000000008', 'homeowners', 'Homeowners', '2026-03-20', false, null, false, null, 3),
  -- In Progress
  ('f0000000-0000-0000-0000-000000000004', 'a0000000-0000-0000-0000-000000000001', 'Add Toyota Hilux to J. Smith motor policy', 'in_progress', 'b0000000-0000-0000-0000-000000000001', 'd0000000-0000-0000-0000-000000000002', 'e0000000-0000-0000-0000-000000000004', 'motor', 'Motor', null, true, 'Generating amendment request...', false, null, 1),
  ('f0000000-0000-0000-0000-000000000005', 'a0000000-0000-0000-0000-000000000001', 'Remarket Patel Body Corporate insurance', 'in_progress', 'b0000000-0000-0000-0000-000000000002', 'd0000000-0000-0000-0000-000000000005', null, 'commercial', 'Body Corp', null, false, null, false, null, 2),
  ('f0000000-0000-0000-0000-000000000006', 'a0000000-0000-0000-0000-000000000001', 'Generate ROA for Moosa renewal call', 'in_progress', 'b0000000-0000-0000-0000-000000000001', 'd0000000-0000-0000-0000-000000000006', 'e0000000-0000-0000-0000-000000000005', 'homeowners', 'Homeowners', null, true, 'Transcribing call recording...', false, null, 3),
  -- Review
  ('f0000000-0000-0000-0000-000000000007', 'a0000000-0000-0000-0000-000000000001', 'Commission discrepancy — Santam Feb statement', 'review', 'b0000000-0000-0000-0000-000000000001', null, null, null, null, null, false, null, true, 'Needs review', 1),
  ('f0000000-0000-0000-0000-000000000008', 'a0000000-0000-0000-0000-000000000001', 'ROA ready — Dlamini comprehensive motor', 'review', 'b0000000-0000-0000-0000-000000000001', 'd0000000-0000-0000-0000-000000000007', 'e0000000-0000-0000-0000-000000000006', null, null, null, false, null, true, 'Review ROA', 2),
  -- Done
  ('f0000000-0000-0000-0000-000000000009', 'a0000000-0000-0000-0000-000000000001', 'FNOL submitted — Jacobs motor theft', 'done', 'b0000000-0000-0000-0000-000000000001', 'd0000000-0000-0000-0000-000000000008', null, 'claim', 'Claim', null, false, null, false, null, 1),
  ('f0000000-0000-0000-0000-000000000010', 'a0000000-0000-0000-0000-000000000001', 'Renewal confirmed — Williams homeowners', 'done', 'b0000000-0000-0000-0000-000000000002', 'd0000000-0000-0000-0000-000000000009', 'e0000000-0000-0000-0000-000000000007', 'homeowners', 'Homeowners', null, false, null, false, null, 2);

-- Chat sessions
INSERT INTO chat_sessions (id, org_id, user_id, title, session_type, scope_label, client_id, is_internal, is_active) VALUES
  ('11000000-0000-0000-0000-000000000001', 'a0000000-0000-0000-0000-000000000001', 'b0000000-0000-0000-0000-000000000001', 'General', 'general', null, null, false, true),
  ('11000000-0000-0000-0000-000000000002', 'a0000000-0000-0000-0000-000000000001', 'b0000000-0000-0000-0000-000000000001', 'Van der Merwe Trust', 'client', 'Client · 3 policies', 'd0000000-0000-0000-0000-000000000001', false, true);

-- Claims
INSERT INTO claims (id, org_id, client_id, policy_id, claim_number, description, amount, status) VALUES
  ('12000000-0000-0000-0000-000000000001', 'a0000000-0000-0000-0000-000000000001', 'd0000000-0000-0000-0000-000000000008', null, 'CLM-2026-001', 'Motor vehicle theft - Toyota Corolla', 280000, 'submitted'),
  ('12000000-0000-0000-0000-000000000002', 'a0000000-0000-0000-0000-000000000001', 'd0000000-0000-0000-0000-000000000004', 'e0000000-0000-0000-0000-000000000008', 'CLM-2026-002', 'Water damage to kitchen', 45000, 'open'),
  ('12000000-0000-0000-0000-000000000003', 'a0000000-0000-0000-0000-000000000001', 'd0000000-0000-0000-0000-000000000001', 'e0000000-0000-0000-0000-000000000001', 'CLM-2026-003', 'Fire damage to warehouse section B', 180000, 'open');
